,precision,recall,f1-score,support
0,0.8390778753571051,0.9063,0.8713944288775342,70000.0
1,0.7311003607740243,0.5944333333333334,0.6557214296220032,30000.0
accuracy,0.81274,0.81274,0.81274,0.81274
macro avg,0.7850891180655647,0.7503666666666666,0.7635579292497687,100000.0
weighted avg,0.806684620982181,0.81274,0.8066925291008749,100000.0
