Credit Rating,Default Rate (%)
Fair,35.75555091529199
Good,18.86473824699025
Poor,69.64019586970407
Very Good,4.537780733616412
