actual_default,default_probability,credit_score,credit_rating
0,0.12191008095912434,739,Good
0,0.6433840273227786,478,Poor
0,0.0441868798143664,777,Very Good
0,0.21029214707777036,694,Good
1,0.9796412142402078,310,Poor
0,0.0280200131597304,785,Very Good
0,0.008096817970305103,795,Very Good
0,0.013330566369376433,793,Very Good
0,0.20237102244427954,698,Good
0,0.21234816833103565,693,Good
